model,RMSE,Rsquared,MAE
knn,0.8824969579098729,0.11077460503693039,0.5290761023589231
nnet,0.31991935604535515,0.8819322350299371,0.16218579068279515
rf,0.7183553702107436,0.6030470551946372,0.44631732588248835
svm,0.8342025354297122,0.23028039522932642,0.45436940246422997
