model,time_sec,time_min
knn,33.26934289932251,0.55
nnet,24.894372940063477,0.41
rf,74.66738510131836,1.24
svm,363.91489911079407,6.07
